<?xml version="1.0" encoding="UTF-8"?>
<suppressions xmlns="https://jeremylong.github.io/DependencyCheck/dependency-suppression.1.3.xsd">
   <suppress>
      <notes><![CDATA[
      file name: spring-data-rest-webmvc-3.2.4.RELEASE.jar
      ]]></notes>
      <packageUrl regex="true">^pkg:maven/org\.springframework\.data/spring\-data\-rest\-webmvc@.*$</packageUrl>
      <cve>CVE-2021-22047</cve>
      <cve>CVE-2022-31679</cve>
   </suppress>
	<suppress>
		<notes>
			<![CDATA[
	   file name: hibernate-validator-6.0.18.Final.jar
	   ]]>
	   </notes>
	   <packageUrl regex="true">^pkg:maven/org\.hibernate\.validator/hibernate\-validator@.*$</packageUrl>
	   		<cve>CVE-2020-10693</cve>
	</suppress>
	<suppress>
		<notes>
			<![CDATA[
	   file name: jackson-databind-2.10.2.jar
	   ]]>
	   </notes>
	   <packageUrl regex="true">^pkg:maven/com\.fasterxml\.jackson\.core/jackson\-databind@.*$</packageUrl>
	   		<cve>CVE-2020-25649</cve>
	   		<cve>CVE-2020-36518</cve>
	   		<cve>CVE-2022-42003</cve>
	   		<cve>CVE-2022-42004</cve>
	   		<cve>CVE-2021-46877</cve>
	   		<cve>CVE-2023-35116</cve>
	</suppress>
	<suppress>
		<notes>
			<![CDATA[
	   file name: log4j-api-2.12.1.jar
	   ]]>
	   </notes>
	   <packageUrl regex="true">^pkg:maven/org\.apache\.logging\.log4j/log4j\-api@.*$</packageUrl>
	   		<cve>CVE-2020-9488</cve>
	</suppress>
	<suppress>
		<notes>
			<![CDATA[
	   file name: logback-core-1.2.3.jar
	   ]]>
	   </notes>
	   <packageUrl regex="true">^pkg:maven/ch\.qos\.logback/logback\-core@.*$</packageUrl>
	   		<cpe>cpe:/a:qos:logback</cpe>
	   		<cve>CVE-2021-42550</cve>
	   		<cve>CVE-2023-6378</cve>
	</suppress>
	<suppress>
		<notes>
			<![CDATA[
	   file name: snakeyaml-1.25.jar
	   ]]>
	   </notes>
	   <packageUrl regex="true">^pkg:maven/org\.yaml/snakeyaml@.*$</packageUrl>
	   		<cve>CVE-2022-1471</cve>
	   		<cve>CVE-2017-18640</cve>
	   		<cve>CVE-2022-25857</cve>
	   		<cve>CVE-2022-38749</cve>
	   		<cve>CVE-2022-38751</cve>
	   		<cve>CVE-2022-38752</cve>
	   		<cve>CVE-2022-41854</cve>
	   		<cve>CVE-2022-38750</cve>
	</suppress>
	<suppress>
		<notes>
			<![CDATA[
	   file name: spring-boot-2.2.4.RELEASE.jar
	   ]]>
	   </notes>
	   <packageUrl regex="true">^pkg:maven/org\.springframework\.boot/spring\-boot@.*$</packageUrl>
	   		<cpe>cpe:/a:vmware:spring_boot</cpe>
	   		<cve>CVE-2022-27772</cve>
	   		<cve>CVE-2023-20873</cve>
	   		<cve>CVE-2023-20883</cve>
	</suppress>
	<suppress>
		 <notes>
			 <![CDATA[
	   file name: spring-boot-starter-web-2.2.4.RELEASE.jar
	   ]]>
	   </notes>
	   <packageUrl regex="true">^pkg:maven/org\.springframework\.boot/spring\-boot\-starter\-web@.*$</packageUrl>
	   		<cve>CVE-2022-27772</cve>
	   		<cve>CVE-2023-20873</cve>
	   		<cve>CVE-2023-20883</cve>
	</suppress>
	<suppress>
		<notes>
			<![CDATA[
	   file name: spring-core-5.2.3.RELEASE.jar
	   ]]>
	   </notes>
	   <packageUrl regex="true">^pkg:maven/org\.springframework/spring\-core@.*$</packageUrl>
	   		<cpe>cpe:/a:pivotal_software:spring_framework</cpe>
	   		<cpe>cpe:/a:springsource:spring_framework</cpe>
	   		<cpe>cpe:/a:vmware:spring_framework</cpe>
	   		<cve>CVE-2022-22965</cve>
	   		<cve>CVE-2021-22118</cve>
	   		<cve>CVE-2020-5421</cve>
	   		<cve>CVE-2022-22950</cve>
	   		<cve>CVE-2022-22971</cve>
	   		<cve>CVE-2023-20861</cve>
	   		<cve>CVE-2022-22968</cve>
	   		<cve>CVE-2022-22970</cve>
	   		<cve>CVE-2021-22060</cve>
	   		<cve>CVE-2021-22096</cve>
	   		<cve>CVE-2023-20863</cve>
	</suppress>
	<suppress>
		<notes>
			<![CDATA[
	   file name: spring-web-5.2.3.RELEASE.jar
	   ]]>
	   </notes>
	   <packageUrl regex="true">^pkg:maven/org\.springframework/spring\-web@.*$</packageUrl>
	   		<cpe>cpe:/a:pivotal_software:spring_framework</cpe>
	   		<cpe>cpe:/a:springsource:spring_framework</cpe>
	   		<cpe>cpe:/a:vmware:spring_framework</cpe>
	   		<cpe>cpe:/a:web_project:web</cpe>
	   		<cve>CVE-2016-1000027</cve>
	   		<cve>CVE-2022-22965</cve>
	   		<cve>CVE-2021-22118</cve>
	   		<cve>CVE-2020-5421</cve>
	   		<cve>CVE-2022-22950</cve>
	   		<cve>CVE-2022-22971</cve>
	   		<cve>CVE-2023-20861</cve>
	   		<cve>CVE-2022-22968</cve>
	   		<cve>CVE-2022-22970</cve>
	   		<cve>CVE-2021-22060</cve>
	   		<cve>CVE-2021-22096</cve>
	   		<cve>CVE-2024-22243</cve>
	   		<cve>CVE-2024-22262</cve>
	   		<cve>CVE-2023-20863</cve>
	</suppress>
	<suppress>
		<notes>
			<![CDATA[
	   file name: spring-webmvc-5.2.3.RELEASE.jar
	   ]]>
	   </notes>
	   <packageUrl regex="true">^pkg:maven/org\.springframework/spring\-webmvc@.*$</packageUrl>
	   		<cve>CVE-2022-22965</cve>
	   		<cve>CVE-2021-22118</cve>
	   		<cve>CVE-2020-5421</cve>
	   		<cve>CVE-2022-22950</cve>
	   		<cve>CVE-2022-22971</cve>
	   		<cve>CVE-2023-20861</cve>
	   		<cve>CVE-2022-22968</cve>
	   		<cve>CVE-2022-22970</cve>
	   		<cve>CVE-2021-22060</cve>
	   		<cve>CVE-2021-22096</cve>
	   		<cve>CVE-2023-20863</cve>
	</suppress>
	<suppress>
		<notes>
			<![CDATA[
	   file name: tomcat-embed-core-9.0.30.jar
	   ]]>
	   </notes>
	   <packageUrl regex="true">^pkg:maven/org\.apache\.tomcat\.embed/tomcat\-embed\-core@.*$</packageUrl>
	   		<cve>CVE-2020-1938</cve>
	   		<cve>CVE-2020-11996</cve>
	   		<cve>CVE-2020-13934</cve>
	   		<cve>CVE-2020-13935</cve>
	   		<cve>CVE-2020-17527</cve>
	   		<cve>CVE-2021-25122</cve>
	   		<cve>CVE-2021-41079</cve>
	   		<cve>CVE-2022-29885</cve>
	   		<cve>CVE-2022-42252</cve>
	   		<cve>CVE-2020-9484</cve>
	   		<cve>CVE-2021-25329</cve>
	   		<cve>CVE-2021-30640</cve>
	   		<cve>CVE-2022-34305</cve>
	   		<cve>CVE-2021-24122</cve>
	   		<cve>CVE-2021-33037</cve>
	   		<cve>CVE-2019-17569</cve>
	   		<cve>CVE-2020-1935</cve>
	   		<cve>CVE-2020-13943</cve>
	   		<cve>CVE-2023-28708</cve>
	   		<cve>CVE-2021-43980</cve>
	   		<cve>CVE-2023-44487</cve>
	   		<cve>CVE-2023-46589</cve>
	   		<cve>CVE-2023-41080</cve>
	   		<cve>CVE-2023-42795</cve>
	   		<cve>CVE-2023-45648</cve>
	   		<cve>CVE-2024-21733</cve>
	</suppress>
	<suppress>
		<notes>
			<![CDATA[
	   file name: tomcat-embed-websocket-9.0.30.jar
	   ]]>
	   </notes>
	   <packageUrl regex="true">^pkg:maven/org\.apache\.tomcat\.embed/tomcat\-embed\-websocket@.*$</packageUrl>
	   		<cve>CVE-2020-1938</cve>
	   		<cve>CVE-2020-8022</cve>
	   		<cve>CVE-2020-11996</cve>
	   		<cve>CVE-2020-13934</cve>
	   		<cve>CVE-2020-13935</cve>
	   		<cve>CVE-2020-17527</cve>
	   		<cve>CVE-2021-25122</cve>
	   		<cve>CVE-2021-41079</cve>
	   		<cve>CVE-2022-29885</cve>
	   		<cve>CVE-2022-42252</cve>
	   		<cve>CVE-2020-9484</cve>
	   		<cve>CVE-2021-25329</cve>
	   		<cve>CVE-2021-30640</cve>
	   		<cve>CVE-2022-34305</cve>
	   		<cve>CVE-2021-24122</cve>
	   		<cve>CVE-2021-33037</cve>
	   		<cve>CVE-2019-17569</cve>
	   		<cve>CVE-2020-1935</cve>
	   		<cve>CVE-2020-13943</cve>
	   		<cve>CVE-2023-28708</cve>
	   		<cve>CVE-2021-43980</cve>
	   		<cve>CVE-2023-44487</cve>
	   		<cve>CVE-2023-46589</cve>
	   		<cve>CVE-2023-41080</cve>
	   		<cve>CVE-2023-42795</cve>
	   		<cve>CVE-2023-45648</cve>
	   		<cve>CVE-2024-21733</cve>
	</suppress>
	<suppress>
		<notes>
			<![CDATA[
	   file name: logback-classic-1.2.3.jar
	   ]]>
	   </notes>
	   <packageUrl regex="true">^pkg:maven/ch\.qos\.logback/logback\-classic@.*$</packageUrl>
	   		<cpe>cpe:/a:qos:logback</cpe>
	   		<cve>CVE-2021-42550</cve>
	   		<cve>CVE-2023-6378</cve>
	</suppress>
	<suppress>
		<notes>
			<![CDATA[
	   file name: spring-boot-starter-2.2.4.RELEASE.jar
	   ]]>
	   </notes>
	   <packageUrl regex="true">^pkg:maven/org\.springframework\.boot/spring\-boot\-starter@.*$</packageUrl>
	   		<cpe>cpe:/a:vmware:spring_boot</cpe>
	   		<cve>CVE-2022-27772</cve>
	   		<cve>CVE-2023-20873</cve>
	   		<cve>CVE-2023-20883</cve>
	</suppress>
	<suppress>
		<notes>
			<![CDATA[
	   file name: spring-aop-5.2.3.RELEASE.jar
	   ]]>
	   </notes>
	   <packageUrl regex="true">^pkg:maven/org\.springframework/spring\-aop@.*$</packageUrl>
	   		<cpe>cpe:/a:pivotal_software:spring_framework</cpe>
	   		<cpe>cpe:/a:springsource:spring_framework</cpe>
	   		<cpe>cpe:/a:vmware:spring_framework</cpe>
	   		<cve>CVE-2022-22965</cve>
	   		<cve>CVE-2021-22118</cve>
	   		<cve>CVE-2020-5421</cve>
	   		<cve>CVE-2022-22950</cve>
	   		<cve>CVE-2022-22971</cve>
	   		<cve>CVE-2023-20861</cve>
	   		<cve>CVE-2022-22968</cve>
	   		<cve>CVE-2022-22970</cve>
	   		<cve>CVE-2021-22060</cve>
	   		<cve>CVE-2021-22096</cve>
	   		<cve>CVE-2023-20863</cve>
	</suppress>
	<suppress>
		<notes>
			<![CDATA[
	   file name: spring-boot-starter-json-2.2.4.RELEASE.jar
	   ]]>
	   </notes>
	   <packageUrl regex="true">^pkg:maven/org\.springframework\.boot/spring\-boot\-starter\-json@.*$</packageUrl>
	   		<cve>CVE-2022-27772</cve>
	   		<cve>CVE-2023-20873</cve>
	   		<cve>CVE-2023-20883</cve>
	</suppress>
	<suppress>
		<notes>
			<![CDATA[
	   file name: spring-boot-autoconfigure-2.2.4.RELEASE.jar
	   ]]>
	   </notes>
	   <packageUrl regex="true">^pkg:maven/org\.springframework\.boot/spring\-boot\-autoconfigure@.*$</packageUrl>
	   		<cve>CVE-2022-27772</cve>
	   		<cve>CVE-2023-20873</cve>
	   		<cve>CVE-2023-20883</cve>
	</suppress>
	<suppress>
		<notes>
			<![CDATA[
	   file name: spring-jcl-5.2.3.RELEASE.jar
	   ]]>
	   </notes>
	   <packageUrl regex="true">^pkg:maven/org\.springframework/spring\-jcl@.*$</packageUrl>
	   		<cve>CVE-2022-22965</cve>
	   		<cve>CVE-2021-22118</cve>
	   		<cve>CVE-2020-5421</cve>
	   		<cve>CVE-2022-22950</cve>
	   		<cve>CVE-2022-22971</cve>
	   		<cve>CVE-2023-20861</cve>
	   		<cve>CVE-2022-22968</cve>
	   		<cve>CVE-2022-22970</cve>
	   		<cve>CVE-2021-22060</cve>
	   		<cve>CVE-2021-22096</cve>
	   		<cve>CVE-2023-20863</cve>
	</suppress>
	<suppress>
		<notes>
			<![CDATA[
   file name: spring-expression-5.2.3.RELEASE.jar
   ]]>
   		</notes>
   		<packageUrl regex="true">^pkg:maven/org\.springframework/spring\-expression@.*$</packageUrl>
   			<cve>CVE-2022-22965</cve>
   			<cve>CVE-2021-22118</cve>
   			<cve>CVE-2020-5421</cve>
   			<cve>CVE-2022-22950</cve>
   			<cve>CVE-2022-22971</cve>
   			<cve>CVE-2023-20861</cve>
   			<cve>CVE-2022-22968</cve>
   			<cve>CVE-2022-22970</cve>
   			<cve>CVE-2021-22060</cve>
   			<cve>CVE-2021-22096</cve>
   			<cve>CVE-2023-20863</cve>
	</suppress>
	<suppress>
	   <notes>
		   <![CDATA[
	   file name: json-smart-2.3.jar
	   ]]>
	   </notes>
	   <packageUrl regex="true">^pkg:maven/net\.minidev/json\-smart@.*$</packageUrl>
		   <cve>CVE-2021-31684</cve>
		   <cve>CVE-2023-1370</cve>
		   <cve>CVE-2021-27568</cve>
	</suppress>
	<suppress>
	   <notes><![CDATA[
	   file name: json-path-2.4.0.jar
	   ]]></notes>
	   <packageUrl regex="true">^pkg:maven/com\.jayway\.jsonpath/json\-path@.*$</packageUrl>
		   <cpe>cpe:/a:json-path:jayway_jsonpath</cpe>
		   <cve>CVE-2023-51074</cve>
	</suppress>
	<suppress>
	   <notes><![CDATA[
	   file name: spring-boot-starter-data-rest-2.2.4.RELEASE.jar
	   ]]></notes>
	   <packageUrl regex="true">^pkg:maven/org\.springframework\.boot/spring\-boot\-starter\-data\-rest@.*$</packageUrl>
		   <cpe>cpe:/a:vmware:spring_boot</cpe>
		   <cpe>cpe:/a:vmware:spring_data_rest</cpe>
		   <cve>CVE-2023-20873</cve>
		   <cve>CVE-2023-20883</cve>
	</suppress>
	<suppress>
	   <notes><![CDATA[
	   file name: spring-hateoas-1.0.3.RELEASE.jar
	   ]]></notes>
	   <packageUrl regex="true">^pkg:maven/org\.springframework\.hateoas/spring\-hateoas@.*$</packageUrl>
		   <cpe>cpe:/a:vmware:spring_hateoas</cpe>
		   <cve>CVE-2023-34036</cve>
	</suppress>
	<suppress>
	   <notes><![CDATA[
	   file name: spring-tx-5.2.3.RELEASE.jar
	   ]]></notes>
	   <packageUrl regex="true">^pkg:maven/org\.springframework/spring\-tx@.*$</packageUrl>
		   <cpe>cpe:/a:pivotal_software:spring_framework</cpe>
		   <cpe>cpe:/a:springsource:spring_framework</cpe>
		   <cpe>cpe:/a:vmware:spring_framework</cpe>
		   <cve>CVE-2022-22965</cve>
		   <cve>CVE-2021-22118</cve>
		   <cve>CVE-2020-5421</cve>
		   <cve>CVE-2022-22950</cve>
		   <cve>CVE-2022-22971</cve>
		   <cve>CVE-2023-20861</cve>
		   <cve>CVE-2023-20863</cve>
		   <cve>CVE-2022-22968</cve>
		   <cve>CVE-2022-22970</cve>
		   <cve>CVE-2021-22060</cve>
		   <cve>CVE-2021-22096</cve>
	</suppress>
	<suppress>
	   <notes><![CDATA[
	   file name: spring-beans-5.2.3.RELEASE.jar
	   ]]></notes>
	   <packageUrl regex="true">^pkg:maven/org\.springframework/spring\-beans@.*$</packageUrl>
		   <cpe>cpe:/a:pivotal_software:spring_framework</cpe>
		   <cpe>cpe:/a:springsource:spring_framework</cpe>
		   <cpe>cpe:/a:vmware:spring_framework</cpe>
		   <cve>CVE-2022-22965</cve>
		   <cve>CVE-2021-22118</cve>
		   <cve>CVE-2020-5421</cve>
		   <cve>CVE-2022-22950</cve>
		   <cve>CVE-2022-22971</cve>
		   <cve>CVE-2023-20861</cve>
		   <cve>CVE-2023-20863</cve>
		   <cve>CVE-2022-22968</cve>
		   <cve>CVE-2022-22970</cve>
		   <cve>CVE-2021-22060</cve>
		   <cve>CVE-2021-22096</cve>
	</suppress>
	<suppress>
	   <notes><![CDATA[
	   file name: spring-context-5.2.3.RELEASE.jar
	   ]]></notes>
	   <packageUrl regex="true">^pkg:maven/org\.springframework/spring\-context@.*$</packageUrl>
		   <cpe>cpe:/a:pivotal_software:spring_framework</cpe>
		   <cve>CVE-2022-22965</cve>
		   <cve>CVE-2021-22118</cve>
		   <cve>CVE-2020-5421</cve>
		   <cve>CVE-2022-22950</cve>
		   <cve>CVE-2022-22971</cve>
		   <cve>CVE-2022-22971</cve>
		   <cve>CVE-2023-20861</cve>
		   <cve>CVE-2023-20863</cve>
		   <cve>CVE-2022-22968</cve>
		   <cve>CVE-2022-22970</cve>
		   <cve>CVE-2021-22060</cve>
		   <cve>CVE-2021-22096</cve>
	</suppress>
	<suppress>
	   <notes><![CDATA[
	   file name: spring-boot-starter-tomcat-2.2.4.RELEASE.jar
	   ]]></notes>
	   <packageUrl regex="true">^pkg:maven/org\.springframework\.boot/spring\-boot\-starter\-tomcat@.*$</packageUrl>
	   		<cve>CVE-2023-20873</cve>
	   		<cve>CVE-2023-20883</cve>
	</suppress>
	<suppress>
	   <notes><![CDATA[
	   file name: spring-boot-starter-logging-2.2.4.RELEASE.jar
	   ]]></notes>
	   <packageUrl regex="true">^pkg:maven/org\.springframework\.boot/spring\-boot\-starter\-logging@.*$</packageUrl>
	   		<cve>CVE-2023-20873</cve>
	   		<cve>CVE-2023-20883</cve>
	   		<cve>CVE-2022-27772</cve>
	</suppress>
	<suppress>
	   <notes><![CDATA[
	   file name: spring-boot-starter-validation-2.2.4.RELEASE.jar
	   ]]></notes>
	   <packageUrl regex="true">^pkg:maven/org\.springframework\.boot/spring\-boot\-starter\-validation@.*$</packageUrl>
	   		<cve>CVE-2023-20873</cve>
	   		<cve>CVE-2023-20883</cve>
	   		<cve>CVE-2022-27772</cve>
	</suppress>
	<suppress>
	   <notes><![CDATA[
	   file name: spring-boot-starter-tomcat-2.2.4.RELEASE.jar
	   ]]></notes>
	   <packageUrl regex="true">^pkg:maven/org\.springframework\.boot/spring\-boot\-starter\-tomcat@.*$</packageUrl>
	   <cve>CVE-2022-27772</cve>
	</suppress>
</suppressions>